Adam,Ian,1,Chaos,9-8-22
Sonny,Evan,1
Chris A,Simon,1
Zane,Todd,1
Todd,Simon,1
Chris A,Zane,1
Adam,Sonny,1
Evan,Ian,0
Simon,Evan,1
Ian,Todd,1
Sonny,Zane,0
Chris A,Adam,0

Simon,Walski,0,Spooky Chaos,10-21-22
Zane,Sonny,1
Juwan,Khang,1
Adam,Ian,0
Chris A,Judre,1
Simon,Judre,1
Walski,Ian,1
Juwan,Chris A,0
Adam,Zane,1
Sonny,Khang,1
Walski,Chris A,1
Ian,Zane,0
Simon,Sonny,1
Khang,Judre,1
Juwan,Adam,1

Simon,David,1,Chaos Team,10-23-22
Chris A,Ian,1
Evan S,Kyle,1
Simon,Chris A,1
Kyle,Ian,1
Evan S,David,1
Simon,Kyle,1
Chris A,Evan S,0
David,Ian,1

Simon,Tony,0,Chaos,2-23-2023
Juwan,Michael D,0
Sonny,Adam,1
Zane,Julio,0
Chris A,Todd,1
Simon,Julio,1
Michael D,Tony,0
Todd,Zane,0
Sonny,Chris A,0
Adam,Juwan,1
Zane,Sonny,0
Adam,Simon,0
Michael D,Julio,1

Simon,Chris A,0,Chaos,4-6-23
Zane,Evan S,1
Todd,Tony,0
Frank,Walski,0
Evan S,Todd,1
Tony,Zane,1
Walski,Chris A,1
Simon,Frank,0

Simon,Chris A,0,Chaos,4-6-23
Frank,Evan S,0
Walski,Todd,1
Sonny,Zane,0
Zane,Chris A,1
Evan S,Walski,1
Frank,Todd,1
Simon,Sonny,0

Simon,Walski,1,Chaos,4-6-23
Sonny,Todd,0
Frank,Chris A,1
Evan S,Zane,1
Frank,Simon,1
Walski,Chris A,0
Evan S,Todd,1
Zane,Sonny,0

Zane,Jacob,1,Chaos,5-11-23
Todd,Evan S,0
Adam,Tony,0
Chris A,Sonny,1
Tony,Evan S,1
Todd,Adam,1
Chris A,Zane,1
Sonny,Jacob,1

Simon,Evan S,0,Chaos,5-11-23
Chris A,Jacob,1
Sonny,Zane,0
Tony,Todd,1
Todd,Simon,1
Evan S,Tony,0
Chris A,Zane,1
Jacob,Sonny,0

Simon,David,0,Chaos,6-3-23
Luca,Juwan,1
Evan S,Todd,0
Nick R,Andrew D,0
Evan S,Nick R,1
Todd,Andrew D,0
David,Luca,0
Simon,Juwan,1
Todd,David,0
Andrew D,Luca,0
Simon,Evan S,0

Walski,Zane,1,Chaos,6-15-23
Ryan S,Evan,1
Chris A,John K,1
Adam,Tony,0
Tony,Walski,1
Adam,Zane,0
Evan S,John K,1
Ryan S,Chris A,1

Sonny,Adam,0,Chaos,6-15-23
Evan S,Ryan S,1
Tony,Zane,0
Chris A,Walski,0
Evan S,Walski,1
Ryan S,Chris A,0
Adam,Zane,0
Sonny,Tony,0

Simon,Sonny,0,Chaos,6-15-23
Walski,Tony,1
Chris A,Zane,1
Adam,John K,1
Tony,John K,1
Walski,Adam,0
Simon,Zane,1
Sonny,Chris A,1

Jorgie,Kevin,0,Chaos,6-17-23
Simon,Walski,0
Evan S,Ryan S,1
Walski,Danny,0
Simon,Chris A,0
Evan S,Kevin,0
Ryan S,Jorgie,1

Tony,John K,1,Chaos,6-29-23
Michael D,Jacob,1
Zane,Simon,1,
Chris A,Adam,1
Todd,Sonny,0
Tony,Michael D,0
Chris A,Sonny,0
Zane,John K,1
Simon,Adam,1
Jacob,Todd,0

Simon,Todd,0,Chaos,6-29-23
Zane,Jacob,1
Chris A,Tony,0
Zane,Todd,1
Sonny,Tony,0
Zane,Tony,0

Simon,David,0,Chaos,7-1-23
Zane,Chris A,0
Tony,Jacob,1
Tony,David,1
Simon,Zane,0
David,Zane,1
Tony,Chris A,1

Michael D,Jacob,1,Chaos,7-27-23
Sonny,Adam,0
Clayton,John K,1
Tony,Zane,1
Michael D,Clayton,0
Jacob,John K,0
Tony,Adam,1
Zane,Sonny,0

Simon,Zane,0,Chaos,7-27-23
Tony,Clayton,0
Jacob,Adam,1
Chris A,Sonny,0
Simon,Adam,1
Zane,Jacob,0
Clayton,Sonny,1
Zane,Sonny,0
Jacob,Clayton,0

Simon,Adam,1,Chaos,8-17-2023
Todd,Jacob,1
Clayton,Tony,1
Chris A,John K,1
Zane,Sonny,0
Simon,Sonny,0
Adam,John K,1
Clayton,Chris A,1
Jacob,Tony,0
Todd,Zane,0
Sonny,Clayton,0

Tony,Clayton,1,Chaos,9-14-2023
Zane,Simon,1
Sonny,Chris A,1
Zane,Tony,0
Simon,Clayton,0
Sonny,John K,0
Chris A,Michael P,1
Zane,Sonny,1
Tony,John K,1
Clayton,Chris A,0

Simon,Tony,0,Chaos,10-6-23
Sonny,Walski,0
Frank,Patrick H,0
Simon,Sonny,1
Tony,Frank,1
Patrick H,Walski,1
Simon,Patrick H,1
Sonny,Frank,1
Tony,Walski,0

Simon,Evan S,0,Chaos,11-9-23
Chris A,David,1
Luca,John K,0
Vincent V,Tony,0
Sonny,Alberto,0
Simon,Luca,0
Vincent V,Evan S,1
Chris A,Alberto,1
David,Sonny,1
John K,Tony,0
Simon,Vincent V,0
Tony,Chris A,0
John K,David,0
Sonny,Evan S,0
Luca,Alberto,0

Danny,Walski,1,Chaos,11-18-23
Sonny,Luis,0
Tony,Sonny,1
John K,Jorgie,0
Danny,Jorgie,1
Walski,John K,0
Luis,Tony,1
Sonny,Zane,0

Luis,Jacob,1,Chaos,11-18-23
Walski,Zane,0
Sonny,Jorgie,0
Danny,John K,1
Luis,Danny,1
Sonny,Walski,0
Jorgie,Zane,0

Simon,Sonny,0,Chaos,11-18-23
Danny,Walski,0
Jorgie,Luis,1
Jacob,Zane,0
Zane,Sonny,1
Danny,Luis,0
Jorgie,Walski,1

Danny,Walski,0,Chaos,11-18-23
Zane,Jorgie,0
Sonny,Luis,1
Jorgie,Walski,0
Zane,Danny,0
Simon,Luis,0

Zane,CJ,1,Chaos,11-18-23
Sonny,Luis,0
Luis,Simon,1
Walski,Zane,1

Chris A,Sonny,1,Chaos,11-30-23
Adam,Evan S,0
David,Alberto,0
Sonny,Adam,0
Chris A,David,0
Alberto,Evan S,0
Chris A,Adam,1
Sonny,Alberto,1
David,Evan S,0

Simon,Chris A,0,Chaos,12-2-23
Andrew D,Walski,1
Frank,John K,1
Kevin,Vincent,1
Simon,Vincent,0
Andrew D,Frank,1

Simon,Kevin,1,Chaos,12-2-23
Andrew D,Frank,0
Simon,Chris A,0
Kevin,Andrew D,1
Walski,Frank,0

Simon,Walski,0,Chaos,12-2-23
Sonny,Frank,1
Simon,Frank,0
Walski,Kevin,1
Chris A,Sonny,1
Walski,Sonny,0

Simon,Chris A,0,Chaos,12-7-23
Zane,John K,1
Sonny,Tony,0
Alberto,Jacob,1
Alberto,Tony,1
Simon,John K,1
Chris A,Zane,0

Tony,Sonny,1,Chaos,1-4-2024
Clayton,Zane,1
Andrew D,John K,1
Walski,Jacob,0
Tony,Andrew D,1
Walski,Zane,1
Clayton,Jacob,1

Andrew D,John K,1,Chaos,1-4-2024
Zane,Tony,1
Jacob,Clayton,0
Sonny,Walski,0
Jacob,John K,0
Clayton,Andrew D,0
Zane,Walski,0
Tony,Sonny,0

Danny,Zane,1,Chaos,1-20-2024
Andrew D,Bradley Schlesinger,0
Frank,Grant,1
Walski,Kevin,0
Kevin,Frank,0
Walski,Grant,1
Andrew D,Zane,1
Bradley Schlesinger,Danny,1

Zane,Simon,1,Chaos,1-20-2024
Tony,Jorgie,1
Kevin,Frank,0
Bradley Schlesinger,Danny,0
Andrew D,Walski,0
Kevin,Jorgie,0
Frank,Zane,1
Andrew D,Danny,0
Bradley Schlesinger,Simon,1
Tony,Walski,1

Simon,Jacob,1,Chaos,1-20-2024
Tony,Kevin,1
Andrew D,Bradley Schlesinger,1
Simon,Kevin,0
Andrew D,Tony,1
Jacob,Bradley Schlesinger,0

Walski,Jorgie,1,Chaos,1-20-2024
Zane,Frank,1
Danny,Sonny,1
Danny,Walski,1
Frank,Sonny,1
Zane,Jorgie,0

Kevin,Bradley Schlesinger,0,Chaos,1-20-2024
Sonny,Jorgie,1
Frank,Tony,0
Walski,Danny,0
Walski,Jorgie,0
Sonny,Danny,0
Frank,Kevin,0
Tony,Bradley Schlesinger,0

Sonny,Kevin,1,Chaos,1-20-2024
Tony,Walski,0
Jorgie,Danny,0
Simon,Bradley Schlesinger,0
Tony,Kevin,1
Walski,Sonny,0
Danny,Bradley Schlesinger,0
Simon,Jorgie,0

Walski,Evan S,0,Chaos,1-25-2024
Simon,Kevin,0
Sonny,Alberto,1
Zane,Tony,1
John K,Adam,0
Simon,Adam,1
Walski,Tony,1
Zane,Evan S,0
John K,Alberto,0
Sonny,Kevin,1

Walski,Alberto,0,Chaos,1-25-2024
Sonny,Tony,1
John K,Kevin,0
Zane,Adam,1
Alberto,Zane,1
Walski,Adam,1
Sonny,Kevin,0

Sonny,Alberto,1,Chaos,3-7-2024
Evan S,John K,0
Simon,Tony,0
Adam,Jacob,1
Simon,Evan S,1
Tony,John K,1
Alberto,Jacob,1
Sonny,Adam,0

Simon,John K,1,Chaos,3-14-2024
Woody,Alberto,1
Kevin,Walski,0
Jacob,Sonny,0
Jacob,John K,0
Sonny,Simon,1
Kevin,Alberto,0
Walski,Woody,1

Simon,Woody,1,Chaos,3-14-2024
John K,Walski,0
Sonny,Kevin,1
Jacob,Alberto,0
Walski,Alberto,0
John K,Jacob,1
Simon,Sonny,0
Kevin,Woody,1

Simon,Ian C,1,Chaos,4-25-2024
John K,Marco,0
Sonny,Stephen,1
Chris A,Todd,1
Chris A,Sonny,0
Todd,Stephen,0
Simon,Marco,1
Ian C,John K,0

Marco,Stephen,0,Chaos,4-25-2024
Simon,Chris A,0
Sonny,Todd,1
John K,Ian C,1
Stephen,Chris A,0
Marco,Simon,0
Sonny,John K,1
Ian C,Todd,0

Danny,Luis,1,Chaos,4-27-2024
Frank,Walski,0
Sonny,Jorgie,0
Jorgie,Danny,0
Luis,Walski,1
Sonny,Frank,0

Mike,Grant,1,Chaos,4-27-2024
John K,Andrew D,1
Alberto,Nick C,1
Alberto,Andrew D,0
Nick C,Grant,1
Mike,John K,0

Sonny,Danny,1,Chaos,4-27-2024
Luis,Walski,0
Jorgie,Frank,0
Sonny,Frank,0
Danny,Luis,0
Jorgie,Walski,0

Nick C,Mike,0,Chaos,4-27-2024
Alberto,Andrew D,0
John K,Grant,1
Andrew D,John K,1
Alberto,Nick C,1

Sonny,Jorgie,0,Chaos,4-27-2024
Danny,Luis,0
Walski,Frank,1
Sonny,Frank,0
Luis,Walski,0

Walski,Danny,1,Chaos,4-27-2024
Jorgie,Sonny,0
Luis,Frank,1
Luis,Jorgie,1
Frank,Danny,1
Sonny,Walski,0

Simon,Chris A,0,Chaos Team,5-16-2024
Sonny,Todd,1
Walski,Kevin,0
Walski,Chris A,1
Kevin,Sonny,0
Todd,Simon,0
Sonny,Chris A,1
Todd,Walski,0

Simon,Jacob,1,Chaos Team,5-16-2024
Chris A,Walski,0
Todd,Sonny,0
Chris A,Jacob,0
Simon,Todd,1
Sonny,Walski,0
Sonny,Jacob,1
Chris A,Todd,1
Walski,Simon,1

Walski,Andrew D,0,Chaos,5-18-2024
Frank,John K,1
Simon,Alberto,1
Nick D,Stephen,0
Danny,Kevin,0
Walski,Alberto,1
Andrew D,Frank,0
Simon,Kevin,1
Nick D,John K,1
Danny,Stephen,0

Kevin,Nick D,0,Chaos,5-18-2024
Frank,Danny,1
John K,Jacob,0
Walski,Alberto,0
Andrew D,Stephen,0
Frank,Andrew D,0
Danny,Walski,0
Jacob,Nick D,0
Stephen,Alberto,0
Kevin,John K,1

Simon,Frank,1,Chaos Team,5-18-2024
Jacob,Andrew D,1
Walski,Alberto,0
Simon,Alberto,0
Frank,Andrew D,1
Walski,Jacob,0

Simon,Jacob,0,Chaos,6-6-2024
Chris A,John K,1
Sonny,Andrew D,0
Todd,Stephen,1
Simon,Sonny,1
Jacob,Andrew D,0
Chris A,Todd,1
John K,Stephen,1

Simon,Stephen,0,Chaos,6-6-2024
Todd,Jacob,0
Sonny,John K,1
Chris A,Andrew D,1
Simon,John K,0
Stephen,Sonny,0
Jacob,Chris A,0
Todd,Andrew D,1

Jacob,Chris C,1,Chaos,8-1-2024
Harrison,John K,1
Tony,Luca,1
Christiaan,Ivan,0
Sonny,Chris A,0
Ivan,Tony,0
Christiaan,Chris C,1
Jacob,Chris A,1
Sonny,Harrison,0
John K,Luca,0

Simon,Jacob,1,Chaos,8-1-2024
Ivan,John K,1
Tony,Sonny,1
Harrison,Chris A,0
Christiaan,Luca,0
Luca,Tony,0
Chris A,John K,1
Simon,Ivan,0
Jacob,Harrison,1
Sonny,Christiaan,1

Simon,Luc,0,Chaos,9-5-24
Clayton,Adam,1
Stephen,Chris A,0
Sonny,John K,1
Chris A,Luc,0
Simon,Stephen,0
Sonny,Clayton,1
John K,Adam,1

Simon,Adam,0,Chaos,9-5-24
Luc,Sonny,1
Clayton,John K,1
Chris A,Stephen,1
Luc,Chris A,0
Clayton,Adam,1
John K,Simon,0
Sonny,Stephen,1

Frank,Walski,0,Chaos,9-7-24
Sonny,Luis,1
Jorgie,John K,1
Danny,Kevin,0
Frank,Danny,1
Walski,Kevin,1
Sonny,Jorgie,1
Luis,John K,1

Chris A,Christiaan,1,Chaos,9-7-24
Luc,Kian,0
Grant,Jacob,1
Clayton,Andrew D,1
Grant,Clayton,0
Jacob,Andrew D,0
Kian,Chris A,0
Luc,Christiaan,1

Luis,Kevin,1,Chaos,9-7-24
Walski,Frank,0
Sonny,John K,1
John K,Walski,0
Frank,Kevin,0
Luis,Sonny,1
Luis,Walski,1
Sonny,Frank,1
Kevin,John K,1

Chris A,Travis,1,Chaos,9-7-24
Christiaan,Luc,0
Kian,Clayton,1
Grant,Andrew D,0
Christiaan,Clayton,0
Luc,Kian,0
Grant,Travis,0
Andrew D,Chris A,0

Luis,John K,1,Chaos,9-7-24
Kevin,Walski,1
Frank,Sonny,1
Sonny,Luis,0
Frank,Walski,1

Simon,Luc,1,Chaos,9-7-24
Clayton,Tony,0
Andrew D,Chris A,0
Tony,Luc,1
Clayton,Andrew D,0

Luis,John K,0,Chaos,9-7-24
Walski,Kevin,1
Frank,Sonny,1
Walski,Sonny,0
Luis,Frank,1
John K,Kevin,1
John K,Sonny,1

Kevin,Luis,0,Chaos,9-7-24
Sonny,Clayton,0
Walski,John K,0
Sonny,John K,1
Walski,Kevin,0
Luis,Clayton,1
Clayton,Walski,0
John K,Luis,0

Simon,Adam,0,Chaos,10-3-2024
Tony,Sonny,1
Chris A,Harrison,1
Chris A,Adam,1
Simon,Sonny,1
Tony,Harrison,1

Sonny,Simon,0,Chaos,10-3-2024
Chris A,Adam,1
Tony,Harrison,0
Simon,Chris A,0
Harrison,Adam,0

Simon,Walski,1,Chaos,10-5-2024
Andrew D,Tony,0
John K,Luis,0
Frank,Kevin,0
Simon,Kevin,0
Walski,Frank,1
Tony,Luis,1
Andrew D,John K,1

Chris A,Marco,1,Chaos,10-5-2024
Collin,Christiaan,1
Aaron,Stephen,1
Aaron,Marco,1
Stephen,Christiaan,1
Chris A,Collin,0

Kevin,Tony,1,Chaos,10-5-2024
John K,Frank,0
Walski,Luis,1
John K,Walski,0
Luis,Tony,0
Kevin,Frank,1
Walski,Kevin,1

Chris A,Andrew D,1,Chaos,10-5-2024
Stephen,Marco,1
Christiaan,Collin,1
Chris A,Collin,1
Andrew D,Stephen,1
Marco,Christiaan,0

Frank,Kevin,1,Chaos,10-5-2024
Tony,Luis,0
John K,Walski,0
Tony,Walski,1
Frank,Luis,0
John K,Kevin,0
Frank,Walski,0
John K,Luis,0

Simon,Kian,1,Chaos,10-5-2024
Andrew D,Nick D,0
Stephen,Chris A,0
Simon,Nick D,1
Andrew D,Chris A,1
Stephen,Kian,1
Andrew D,Kian,0
Simon,Chris A,0
Stephen,Nick D,0

Kevin,Luke,1,Chaos,11-7-2024
Chris A,Sonny,1
Marco,Alan,0
Aaron,Harrison,0
Chris A,Harrison,0
Sonny,Aaron,0
Marco,Luke,0
Alan,Kevin,1

Tony,Walski,0,Chaos,11-7-2024
Eric,John K,1
Stephen,Adam,0
Stephen,John K,1
Eric,Walski,0
Tony,Adam,1
Eric,Adam,1
Stephen,Walski,0
Tony,John K,1

Sonny,Adam,0,Chaos,11-7-2024
Kevin,Walski,1
John K,Tony,0
John K,Walski,0
Kevin,Adam,0
Sonny,Tony,1
John K,Adam,0

Eric,Aaron,1,Chaos,11-7-2024
Noah,Chris A,0
Stephen,Luke,1
Harrison,Marco,0
Marco,Eric,0
Harrison,Aaron,0
Chris A,Stephen,0
Noah,Luke,1

Simon,John K,1,Chaos,11-16-2024
Walski,Nick C,1
Tony,Andrew D,1
Noah,Stephen,0
Chris A,Adam,1
Walski,Tony,1
Simon,Nick C,1
Adam,Andrew D,1
Noah,John K,1
Stephen,Chris A,1

Simon,Jacob,1,Chaos,11-16-2024
Walski,Andrew D,0
Nick C,Chris A,0
Tony,Noah,1
Adam,Stephen,1
Tony,Chris A,0
Stephen,Nick C,1
Jacob,Andrew D,0
Simon,Adam,0
Walski,Noah,0

Adam,Walski,0,Chaos,11-16-2024
Andrew D,Jacob,1
Stephen,Chris A,0
Andrew D,Stephen,0
Jacob,Adam,1
Chris A,Walski,0

Simon,Juwan,1,Chaos,12-5-2024
Tony,Chris A,0
Stephen,John K,0
Adam,Sonny,0
Aaron,Alan,1
Sonny,Chris A,1
Adam,Tony,1
Stephen,Juwan,0
John K,Alan,0

Alan,Juwan,0,Chaos,12-5-2024
Adam,Marco,0
Tony,Noah,1
Aaron,Stephen,1
Tony,Marco,1
Noah,Adam,1
Aaron,Juwan,1
Stephen,Alan,1

Nick C,Andrew D,1,Chaos,12-14-2024
Tony,Walski,0
Eric,Noah,0
Chris A,Stephen,0
Clayton,John K,1
Tony,Eric,1
Walski,Nick C,1
Noah,Clayton,0
Chris A,Andrew D,1
Stephen,John K,1

Walski,Stephen,1,Chaos,12-14-2024
Nick C,Andrew D,0
Noah,Eric,1
Chris A,Clayton,0
Walski,Noah,0
Stephen,Eric,0
Clayton,Andrew D,1
Chris A,Nick C,1

Simon,Andrew D,1,Chaos,12-14-2024
Clayton,Walski,1
Noah,Chris A,0
Eric,Nick D,1
Simon,Eric,0
Andrew D,Nick D,1
Chris A,Clayton,1
Noah,Walski,0


PlaceHolderA,PlaceHolderB,1,TEST,1-1-2024